encoder,Mean_IoU,Std_IoU,Max_IoU,Count
resnet50,0.8689379460281796,0.04100326059429694,0.9012903571128845,6
se_resnext101,0.8702834380997552,0.040994974664048126,0.9013328949610392,6
